StartDate,EndDate,Status,IPAddress,Progress,Duration (in seconds),Finished,RecordedDate,ResponseId,RecipientLastName,RecipientFirstName,RecipientEmail,ExternalReference,LocationLatitude,LocationLongitude,DistributionChannel,UserLanguage,Q20,Q68,Q1,Q3,Q62,Q7,Q7_2_TEXT,1_Q2,1_Q4,1_Q16_Id,1_Q16_Name,1_Q16_Size,1_Q16_Type,2_Q2,2_Q4,2_Q16_Id,2_Q16_Name,2_Q16_Size,2_Q16_Type,3_Q2,3_Q4,3_Q16_Id,3_Q16_Name,3_Q16_Size,3_Q16_Type,4_Q2,4_Q4,4_Q16_Id,4_Q16_Name,4_Q16_Size,4_Q16_Type,Q9,Q10,Q11,Q65,Q22,Q24,Q25_Id,Q25_Name,Q25_Size,Q25_Type,Q26_Id,Q26_Name,Q26_Size,Q26_Type,Q27,Q28_Id,Q28_Name,Q28_Size,Q28_Type,Q29,Q30,Q31_Id,Q31_Name,Q31_Size,Q31_Type,Q32,Q33,Q34,Q27,Q28,Q29,Q31,Q32,Q33,Q34,Q35,Q36,Q44_Id,Q44_Name,Q44_Size,Q44_Type,Q37,Q43_Id,Q43_Name,Q43_Size,Q43_Type,Q38,Q42_Id,Q42_Name,Q42_Size,Q42_Type,Q39,Q40,Q41_Id,Q41_Name,Q41_Size,Q41_Type,Q45,Q46,Q47,Q48,Q49_Id,Q49_Name,Q49_Size,Q49_Type,Q51,Q57,Q64,1_Q79,1_Q80,1_Q81_Id,1_Q81_Name,1_Q81_Size,1_Q81_Type,2_Q79,2_Q80,2_Q81_Id,2_Q81_Name,2_Q81_Size,2_Q81_Type,3_Q79,3_Q80,3_Q81_Id,3_Q81_Name,3_Q81_Size,3_Q81_Type,4_Q79,4_Q80,4_Q81_Id,4_Q81_Name,4_Q81_Size,4_Q81_Type,Q56,Q69_Id,Q69_Name,Q69_Size,Q69_Type,Q52,Q70,Q53,Q54,Q55,Q22 - Parent Topics,Q22 - Sentiment Polarity,Q22 - Sentiment Score,Q22 - Sentiment,Q22 - Topic Sentiment Label,Q22 - Topic Sentiment Score,Q22 - Topics,Q27 - Parent Topics,Q27 - Sentiment Polarity,Q27 - Sentiment Score,Q27 - Sentiment,Q27 - Topic Sentiment Label,Q27 - Topic Sentiment Score,Q27 - Topics
Start Date,End Date,Response Type,IP Address,Progress,Duration (in seconds),Finished,Recorded Date,Response ID,Recipient Last Name,Recipient First Name,Recipient Email,External Data Reference,Location Latitude,Location Longitude,Distribution Channel,User Language,"Submission Categories


Please review our Competition Guide and select a submission category.




Which submission category will you submit to?",I have reviewed the Competition Rules and agree to their conditions.,Team Name,Team Members,Team MembersEach team must have 1-4 members,Country of Residence - Selected Choice,Country of Residence - Other - Text,1 - First Name,1 - Age,Consent Form - 1 - Consent Form - Id,Consent Form - 1 - Consent Form - Name,Consent Form - 1 - Consent Form - Size,Consent Form - 1 - Consent Form - Type,2 - First Name,2 - Age,Consent Form - 2 - Consent Form - Id,Consent Form - 2 - Consent Form - Name,Consent Form - 2 - Consent Form - Size,Consent Form - 2 - Consent Form - Type,3 - First Name,3 - Age,Consent Form - 3 - Consent Form - Id,Consent Form - 3 - Consent Form - Name,Consent Form - 3 - Consent Form - Size,Consent Form - 3 - Consent Form - Type,4 - First Name,4 - Age,Consent Form - 4 - Consent Form - Id,Consent Form - 4 - Consent Form - Name,Consent Form - 4 - Consent Form - Size,Consent Form - 4 - Consent Form - Type,First Name,Last Name,Email,Please confirm that you are at least 18 years old.,"B. Game Overview



Game Prompt

Visit The Game from the Future online tool  and select any combination that inspires/please you. You are also free to change any (even all) of the suggested parameters. Fill here the sentence upon which you are going to base you game design.

In a ...................... future ...................... (FUTURE), there is a ...................... (CONFLICT) BBI game for ...................... (PLAYERS) players which is played for ...................... (MOTIVATION) ...................... (LOCATION).",What is the name of your game?,"Please upload a cover image for your game



Must include the game’s title
Should be original and not include any material subject to copyright
Should not include any personal data
Resolution 1920x1080 - Id","Please upload a cover image for your game



Must include the game’s title
Should be original and not include any material subject to copyright
Should not include any personal data
Resolution 1920x1080 - Name","Please upload a cover image for your game



Must include the game’s title
Should be original and not include any material subject to copyright
Should not include any personal data
Resolution 1920x1080 - Size","Please upload a cover image for your game



Must include the game’s title
Should be original and not include any material subject to copyright
Should not include any personal data
Resolution 1920x1080 - Type","Please upload a video presenting and explaining your game



Maximum duration 3 minutes
Should be original and not include any material subject to copyright
It is not recommended to contain identifiable persons – especially if they are minors - Id","Please upload a video presenting and explaining your game



Maximum duration 3 minutes
Should be original and not include any material subject to copyright
It is not recommended to contain identifiable persons – especially if they are minors - Name","Please upload a video presenting and explaining your game



Maximum duration 3 minutes
Should be original and not include any material subject to copyright
It is not recommended to contain identifiable persons – especially if they are minors - Size","Please upload a video presenting and explaining your game



Maximum duration 3 minutes
Should be original and not include any material subject to copyright
It is not recommended to contain identifiable persons – especially if they are minors - Type",Does your video contain identifiable persons?,"Informed Consent Form Submission
Please upload a signed Informed Consent Form (PDF format) per person which grants you their permission to submit this material to the competition - Id","Informed Consent Form Submission
Please upload a signed Informed Consent Form (PDF format) per person which grants you their permission to submit this material to the competition - Name","Informed Consent Form Submission
Please upload a signed Informed Consent Form (PDF format) per person which grants you their permission to submit this material to the competition - Size","Informed Consent Form Submission
Please upload a signed Informed Consent Form (PDF format) per person which grants you their permission to submit this material to the competition - Type",Why is your game great?Write a one-line pitch,Short Description,You can optionally upload an image to complement your description. - Id,You can optionally upload an image to complement your description. - Name,You can optionally upload an image to complement your description. - Size,You can optionally upload an image to complement your description. - Type,How long does gameplay usually last?,What is the goal of the game?,What is the main theme of the game?,"C. The Players


How many players can play at the same time?
From __________ to ___________",Do they play in teams?,How many players on each team?,"Who are the players?
Do they share any common characteristics? Are players with specific characteristics excluded / unable to play?","Except human brains, are there other types of brains involved?",What types of brains?,Where do you expect players to be located while playing the game?,Why are players playing the game? What do they expect to get out of it?It can be a combination of many things.,"D. Rules/Gameplay


What can players do?",You can optionally upload an image to complement your description of how players interact with your game. - Id,You can optionally upload an image to complement your description of how players interact with your game. - Name,You can optionally upload an image to complement your description of how players interact with your game. - Size,You can optionally upload an image to complement your description of how players interact with your game. - Type,How can (or cannot) they do it?,You can optionally upload an image to complement your description of your game mechanics. - Id,You can optionally upload an image to complement your description of your game mechanics. - Name,You can optionally upload an image to complement your description of your game mechanics. - Size,You can optionally upload an image to complement your description of your game mechanics. - Type,What are players not allowed to do?,You can optionally upload an image to complement your description of the limitations on players of your game. - Id,You can optionally upload an image to complement your description of the limitations on players of your game. - Name,You can optionally upload an image to complement your description of the limitations on players of your game. - Size,You can optionally upload an image to complement your description of the limitations on players of your game. - Type,Are there any winners in your game?,How do you win or lose?,You can optionally upload an image to complement your description of how to win/lose your game. - Id,You can optionally upload an image to complement your description of how to win/lose your game. - Name,You can optionally upload an image to complement your description of how to win/lose your game. - Size,You can optionally upload an image to complement your description of how to win/lose your game. - Type,"E. Ethical Issues


 What are the major ethical issues that might be raised by your game?
(e.g. brain privacy, receiver autonomy, right to mental integrity, accountability, reliability of senders, brain hacking, etc.)",Do you have any specific safeguards to protect players against them?,What are those safeguards?,"F. Additional Materials


Is there anything else you would like to say about your game?",You can optionally upload an image to complement your additional comments. - Id,You can optionally upload an image to complement your additional comments. - Name,You can optionally upload an image to complement your additional comments. - Size,You can optionally upload an image to complement your additional comments. - Type,"G. Supplemental Opportunities


Would your team like to be contacted by the USC Creative Code Collective to develop a prototype your game after the competition?",Will you allow us to publish your team's submission materials and promote these on the Brains@Play website?,"Prior Prototyping Experience
If chosen as the winner of the VR + Neurotech + Health submission category, you will be given mentorship and funding to develop a prototype of your game. 
What is the team's previous experience with bringing ideas into reality, whether through software development or other prototyping methods?",1 - First Name,1 - Age,Consent Form - 1 - Consent Form - Id,Consent Form - 1 - Consent Form - Name,Consent Form - 1 - Consent Form - Size,Consent Form - 1 - Consent Form - Type,2 - First Name,2 - Age,Consent Form - 2 - Consent Form - Id,Consent Form - 2 - Consent Form - Name,Consent Form - 2 - Consent Form - Size,Consent Form - 2 - Consent Form - Type,3 - First Name,3 - Age,Consent Form - 3 - Consent Form - Id,Consent Form - 3 - Consent Form - Name,Consent Form - 3 - Consent Form - Size,Consent Form - 3 - Consent Form - Type,4 - First Name,4 - Age,Consent Form - 4 - Consent Form - Id,Consent Form - 4 - Consent Form - Name,Consent Form - 4 - Consent Form - Size,Consent Form - 4 - Consent Form - Type,"B. Submission Details

What is the title of your submitted work?","Please upload a cover image for your work



Must include the work's title
Should be original and not include any material subject to copyright
Should not include any personal data
Resolution 1920x1080 - Id","Please upload a cover image for your work



Must include the work's title
Should be original and not include any material subject to copyright
Should not include any personal data
Resolution 1920x1080 - Name","Please upload a cover image for your work



Must include the work's title
Should be original and not include any material subject to copyright
Should not include any personal data
Resolution 1920x1080 - Size","Please upload a cover image for your work



Must include the work's title
Should be original and not include any material subject to copyright
Should not include any personal data
Resolution 1920x1080 - Type","Please insert a link to your prototype, running in modern browsers (e.g. Chrome, Firefox, Safari, etc.)",Please insert a link to the GitHub repository hosting your prototype (optional),"Please insert a description of the work, how it connects with the contest themes, and why you created it.",How would you continue to develop your prototype?,Please provide a short bio for yourself / your team,Q22 - Parent Topics,Q22 - Sentiment Polarity,Q22 - Sentiment Score,Q22 - Sentiment,Q22 - Topic Sentiment Label,Q22 - Topic Sentiment Score,Q22 - Topics,Q27 - Parent Topics,Q27 - Sentiment Polarity,Q27 - Sentiment Score,Q27 - Sentiment,Q27 - Topic Sentiment Label,Q27 - Topic Sentiment Score,Q27 - Topics
"{""ImportId"":""startDate"",""timeZone"":""America/Denver""}","{""ImportId"":""endDate"",""timeZone"":""America/Denver""}","{""ImportId"":""status""}","{""ImportId"":""ipAddress""}","{""ImportId"":""progress""}","{""ImportId"":""duration""}","{""ImportId"":""finished""}","{""ImportId"":""recordedDate"",""timeZone"":""America/Denver""}","{""ImportId"":""_recordId""}","{""ImportId"":""recipientLastName""}","{""ImportId"":""recipientFirstName""}","{""ImportId"":""recipientEmail""}","{""ImportId"":""externalDataReference""}","{""ImportId"":""locationLatitude""}","{""ImportId"":""locationLongitude""}","{""ImportId"":""distributionChannel""}","{""ImportId"":""userLanguage""}","{""ImportId"":""QID20""}","{""ImportId"":""QID75""}","{""ImportId"":""QID1_TEXT""}","{""ImportId"":""QID3""}","{""ImportId"":""QID69""}","{""ImportId"":""QID7""}","{""ImportId"":""QID7_2_TEXT""}","{""ImportId"":""1_QID2_TEXT""}","{""ImportId"":""1_QID4_TEXT""}","{""ImportId"":""1_QID16_FILE_ID""}","{""ImportId"":""1_QID16_FILE_NAME""}","{""ImportId"":""1_QID16_FILE_SIZE""}","{""ImportId"":""1_QID16_FILE_TYPE""}","{""ImportId"":""2_QID2_TEXT""}","{""ImportId"":""2_QID4_TEXT""}","{""ImportId"":""2_QID16_FILE_ID""}","{""ImportId"":""2_QID16_FILE_NAME""}","{""ImportId"":""2_QID16_FILE_SIZE""}","{""ImportId"":""2_QID16_FILE_TYPE""}","{""ImportId"":""3_QID2_TEXT""}","{""ImportId"":""3_QID4_TEXT""}","{""ImportId"":""3_QID16_FILE_ID""}","{""ImportId"":""3_QID16_FILE_NAME""}","{""ImportId"":""3_QID16_FILE_SIZE""}","{""ImportId"":""3_QID16_FILE_TYPE""}","{""ImportId"":""4_QID2_TEXT""}","{""ImportId"":""4_QID4_TEXT""}","{""ImportId"":""4_QID16_FILE_ID""}","{""ImportId"":""4_QID16_FILE_NAME""}","{""ImportId"":""4_QID16_FILE_SIZE""}","{""ImportId"":""4_QID16_FILE_TYPE""}","{""ImportId"":""QID9_TEXT""}","{""ImportId"":""QID10_TEXT""}","{""ImportId"":""QID11_TEXT""}","{""ImportId"":""QID72""}","{""ImportId"":""QID22_TEXT""}","{""ImportId"":""QID23_TEXT""}","{""ImportId"":""QID24_FILE_ID""}","{""ImportId"":""QID24_FILE_NAME""}","{""ImportId"":""QID24_FILE_SIZE""}","{""ImportId"":""QID24_FILE_TYPE""}","{""ImportId"":""QID25_FILE_ID""}","{""ImportId"":""QID25_FILE_NAME""}","{""ImportId"":""QID25_FILE_SIZE""}","{""ImportId"":""QID25_FILE_TYPE""}","{""ImportId"":""QID26""}","{""ImportId"":""QID27_FILE_ID""}","{""ImportId"":""QID27_FILE_NAME""}","{""ImportId"":""QID27_FILE_SIZE""}","{""ImportId"":""QID27_FILE_TYPE""}","{""ImportId"":""QID28_TEXT""}","{""ImportId"":""QID29_TEXT""}","{""ImportId"":""QID30_FILE_ID""}","{""ImportId"":""QID30_FILE_NAME""}","{""ImportId"":""QID30_FILE_SIZE""}","{""ImportId"":""QID30_FILE_TYPE""}","{""ImportId"":""QID31_TEXT""}","{""ImportId"":""QID32_TEXT""}","{""ImportId"":""QID33_TEXT""}","{""ImportId"":""QID34_TEXT""}","{""ImportId"":""QID35""}","{""ImportId"":""QID36_TEXT""}","{""ImportId"":""QID38_TEXT""}","{""ImportId"":""QID39""}","{""ImportId"":""QID40_TEXT""}","{""ImportId"":""QID41_TEXT""}","{""ImportId"":""QID42_TEXT""}","{""ImportId"":""QID43_TEXT""}","{""ImportId"":""QID51_FILE_ID""}","{""ImportId"":""QID51_FILE_NAME""}","{""ImportId"":""QID51_FILE_SIZE""}","{""ImportId"":""QID51_FILE_TYPE""}","{""ImportId"":""QID44_TEXT""}","{""ImportId"":""QID50_FILE_ID""}","{""ImportId"":""QID50_FILE_NAME""}","{""ImportId"":""QID50_FILE_SIZE""}","{""ImportId"":""QID50_FILE_TYPE""}","{""ImportId"":""QID45_TEXT""}","{""ImportId"":""QID49_FILE_ID""}","{""ImportId"":""QID49_FILE_NAME""}","{""ImportId"":""QID49_FILE_SIZE""}","{""ImportId"":""QID49_FILE_TYPE""}","{""ImportId"":""QID46""}","{""ImportId"":""QID47_TEXT""}","{""ImportId"":""QID48_FILE_ID""}","{""ImportId"":""QID48_FILE_NAME""}","{""ImportId"":""QID48_FILE_SIZE""}","{""ImportId"":""QID48_FILE_TYPE""}","{""ImportId"":""QID52_TEXT""}","{""ImportId"":""QID53""}","{""ImportId"":""QID54_TEXT""}","{""ImportId"":""QID55_TEXT""}","{""ImportId"":""QID56_FILE_ID""}","{""ImportId"":""QID56_FILE_NAME""}","{""ImportId"":""QID56_FILE_SIZE""}","{""ImportId"":""QID56_FILE_TYPE""}","{""ImportId"":""QID58""}","{""ImportId"":""QID64""}","{""ImportId"":""QID71_TEXT""}","{""ImportId"":""1_QID79_TEXT""}","{""ImportId"":""1_QID80_TEXT""}","{""ImportId"":""1_QID81_FILE_ID""}","{""ImportId"":""1_QID81_FILE_NAME""}","{""ImportId"":""1_QID81_FILE_SIZE""}","{""ImportId"":""1_QID81_FILE_TYPE""}","{""ImportId"":""2_QID79_TEXT""}","{""ImportId"":""2_QID80_TEXT""}","{""ImportId"":""2_QID81_FILE_ID""}","{""ImportId"":""2_QID81_FILE_NAME""}","{""ImportId"":""2_QID81_FILE_SIZE""}","{""ImportId"":""2_QID81_FILE_TYPE""}","{""ImportId"":""3_QID79_TEXT""}","{""ImportId"":""3_QID80_TEXT""}","{""ImportId"":""3_QID81_FILE_ID""}","{""ImportId"":""3_QID81_FILE_NAME""}","{""ImportId"":""3_QID81_FILE_SIZE""}","{""ImportId"":""3_QID81_FILE_TYPE""}","{""ImportId"":""4_QID79_TEXT""}","{""ImportId"":""4_QID80_TEXT""}","{""ImportId"":""4_QID81_FILE_ID""}","{""ImportId"":""4_QID81_FILE_NAME""}","{""ImportId"":""4_QID81_FILE_SIZE""}","{""ImportId"":""4_QID81_FILE_TYPE""}","{""ImportId"":""QID63_TEXT""}","{""ImportId"":""QID76_FILE_ID""}","{""ImportId"":""QID76_FILE_NAME""}","{""ImportId"":""QID76_FILE_SIZE""}","{""ImportId"":""QID76_FILE_TYPE""}","{""ImportId"":""QID59_TEXT""}","{""ImportId"":""QID77_TEXT""}","{""ImportId"":""QID60_TEXT""}","{""ImportId"":""QID61_TEXT""}","{""ImportId"":""QID62_TEXT""}","{""ImportId"":""QID22_TEXT_becc776a432b42899eba16bbParTopics""}","{""ImportId"":""QID22_TEXT_becc776a432b42899eba16bbSenPol""}","{""ImportId"":""QID22_TEXT_becc776a432b42899eba16bbSenScore""}","{""ImportId"":""QID22_TEXT_becc776a432b42899eba16bbSentiment""}","{""ImportId"":""QID22_TEXT_becc776a432b42899eba16bbTopicSenLabel""}","{""ImportId"":""QID22_TEXT_becc776a432b42899eba16bbTopicSenScore""}","{""ImportId"":""QID22_TEXT_becc776a432b42899eba16bbTopics""}","{""ImportId"":""QID34_TEXT_becc776a432b42899eba16bbParTopics""}","{""ImportId"":""QID34_TEXT_becc776a432b42899eba16bbSenPol""}","{""ImportId"":""QID34_TEXT_becc776a432b42899eba16bbSenScore""}","{""ImportId"":""QID34_TEXT_becc776a432b42899eba16bbSentiment""}","{""ImportId"":""QID34_TEXT_becc776a432b42899eba16bbTopicSenLabel""}","{""ImportId"":""QID34_TEXT_becc776a432b42899eba16bbTopicSenScore""}","{""ImportId"":""QID34_TEXT_becc776a432b42899eba16bbTopics""}"
2021-02-13 09:26:12,2021-02-13 09:29:33,IP Address,97.90.237.21,100,201,True,2021-02-13 09:29:35,R_2fIrsDi8c74TdT1,,,,,44.781402587890625,-91.486602783203125,anonymous,EN,Computational Art,Yes,Brains@Play,,1,United States,,,,,,,,,,,,,,,,,,,,,,,,,,Garrett,Flynn,gflynn@usc.edu,I confirm that I am at least 18 years old.,,,,,,,,,,,,,,,,,,,,,,,,,,,,,,,,,,,,,,,,,,,,,,,,,,,,,,,,,,,,,,Yes,Yes,,Garrett,20,,,,,,,,,,,,,,,,,,,,,,,Brainstorm,F_1iaHf2Q6mjDfIeI,brainsatplay.png,1515507,image/png,https://brainsatplay.com/brainstorm,https://github.com/brainsatplay/brainstorm,"Lorem ipsum dolor sit amet, consectetur adipiscing elit. Suspendisse ut venenatis dui. Vestibulum nec molestie ante. Vivamus et dui in augue semper luctus. Quisque sed nisl eget leo rhoncus efficitur id sit amet leo. Nunc elementum massa vitae enim commodo aliquet. Proin a tempor lacus, vel consectetur diam. Nulla facilisi. In vel magna non est lobortis tristique ornare vel diam. Aenean quis pharetra metus. Proin lobortis vulputate orci id egestas. Etiam non tincidunt nisl. Cras tincidunt molestie fermentum. Fusce eu nunc eu purus luctus tempor. In non lorem sollicitudin erat ullamcorper congue vel sit amet nisi. Phasellus tempor vestibulum ante, sed consequat quam condimentum convallis.

Curabitur hendrerit tincidunt est ut consequat. Nullam aliquet malesuada tempus. Suspendisse vehicula nisi ac consequat ullamcorper. Proin dapibus lobortis aliquam. Maecenas auctor orci nunc, sit amet hendrerit purus semper vel. Quisque volutpat sem quis metus maximus mollis. Maecenas arcu enim, suscipit vel aliquet eleifend, cursus id nibh. Pellentesque feugiat nulla nunc, eu finibus tortor luctus id. Aenean sit amet arcu vitae massa molestie scelerisque eget at ante. Nunc vel nunc quis orci finibus laoreet. Suspendisse potenti. Donec eget efficitur metus, quis mollis lorem. Nullam non ex sed est consectetur suscipit sit amet non velit. Nam eros ante, aliquet sollicitudin metus sit amet, finibus maximus elit. Orci varius natoque penatibus et magnis dis parturient montes, nascetur ridiculus mus. Etiam feugiat dui in justo rhoncus condimentum.

Aenean iaculis orci nec arcu sollicitudin ultrices. Donec posuere eu odio sed blandit. Morbi et tincidunt erat. Vivamus ac ex nibh. Praesent tristique a tortor rhoncus fringilla. Phasellus ipsum libero, dictum eu urna vel, feugiat congue diam. Nulla laoreet, ex ac tempus euismod, risus lacus gravida orci, ut rhoncus mi erat at diam. Curabitur condimentum rhoncus est in sagittis. Donec in imperdiet magna, vitae cursus velit. Nam pellentesque pretium dolor, congue ultricies dolor efficitur quis.

Maecenas ultrices, est id dictum sollicitudin, tellus mi bibendum est, in finibus risus lectus ac metus. Sed sollicitudin placerat tortor a volutpat. Suspendisse vulputate sem quis malesuada rhoncus. Etiam et purus vel dui sodales rutrum sit amet vestibulum est. Cras ultricies urna a vestibulum mollis. Donec laoreet sit amet risus eu ultricies. Proin id sodales tellus, eu suscipit quam. In hac habitasse platea dictumst. Maecenas pharetra metus id enim bibendum, quis malesuada dui vulputate. Nulla facilisi. In fringilla nunc ante, sit amet cursus augue sollicitudin ac. In pulvinar, dui a blandit aliquam, ex ipsum pharetra ipsum, et accumsan ipsum magna ac felis. Ut eu rhoncus ex.

Pellentesque varius iaculis euismod. Suspendisse vel erat pulvinar, ullamcorper ante sit amet, euismod ex. Etiam aliquet sagittis eros, id luctus neque dictum sit amet. Sed leo lacus, pulvinar eu blandit vel, tincidunt sed sapien. ","Lorem ipsum dolor sit amet, consectetur adipiscing elit. Suspendisse ut venenatis dui. Vestibulum nec molestie ante. Vivamus et dui in augue semper luctus. Quisque sed nisl eget leo rhoncus efficitur id sit amet leo. Nunc elementum massa vitae enim commodo aliquet. Proin a tempor lacus, vel consectetur diam. Nulla facilisi. In vel magna non est lobortis tristique ornare vel diam. Aenean quis pharetra metus. Proin lobortis vulputate orci id egestas. Etiam non tincidunt nisl. Cras tincidunt molestie fermentum. Fusce eu nunc eu purus luctus tempor. In non lorem sollicitudin erat ullamcorper congue vel sit amet nisi. Phasellus tempor vestibulum ante, sed consequat quam condimentum convallis.

Curabitur hendrerit tincidunt est ut consequat. Nullam aliquet malesuada tempus. Suspendisse vehicula nisi ac consequat ullamcorper. Proin dapibus lobortis aliquam. Maecenas auctor orci nunc, sit amet hendrerit purus semper vel. Quisque volutpat sem quis metus maximus mollis. Maecenas arcu enim, suscipit vel aliquet eleifend, cursus id nibh. Pellentesque feugiat nulla nunc, eu finibus tortor luctus id. Aenean sit amet arcu vitae massa molestie scelerisque eget at ante. Nunc vel nunc quis orci finibus laoreet. Suspendisse potenti. Donec eget efficitur metus, quis mollis lorem. Nullam non ex sed est consectetur suscipit sit amet non velit. Nam eros ante, aliquet sollicitudin metus sit amet, finibus maximus elit.","Lorem ipsum dolor sit amet, consectetur adipiscing elit. Suspendisse ut venenatis dui. Vestibulum nec molestie ante. Vivamus et dui in augue semper luctus. Quisque sed nisl eget leo rhoncus efficitur id sit amet leo. Nunc elementum massa vitae enim commodo aliquet. Proin a tempor lacus, vel consectetur diam. Nulla facilisi. In vel magna non est lobortis tristique ornare vel diam. Aenean quis pharetra metus. Proin lobortis vulputate orci id egestas. Etiam non tincidunt nisl. Cras tincidunt molestie fermentum. Fusce eu nunc eu purus luctus tempor. In non lorem sollicitudin erat ullamcorper congue vel sit amet nisi. Phasellus tempor vestibulum ante, sed consequat quam condimentum convallis.",,,,,,,,,,,,,,
2021-02-13 09:29:39,2021-02-13 09:39:55,IP Address,97.90.237.21,100,615,True,2021-02-13 09:40:55,R_28GNBEZdfCjyxZA,,,,,44.781402587890625,-91.486602783203125,anonymous,EN,Brain Games,Yes,Brains@Play,2,,United States,,Garrett,20,,,,,Friends,20,,,,,,,,,,,,,,,,,Garrett,Flynn,gflynn@usc.edu,I confirm that I am at least 18 years old.,"In a wise future a decade from now, there is a cooperative BBI game for two players which is played for survival in a warehouse. What is it?",Think to Survive,F_2q4tEJIJgAgzm9Q,ant-rozetsky-qB1_5wCp82I-unsplash.jpg,3915938,image/jpeg,F_2tK9OZgSKgSkzjA,final.mp4,73475434,video/mp4,No,,,,,"Lorem ipsum dolor sit amet, consectetur adipiscing elit. Suspendisse ut venenatis dui. Vestibulum ne","Lorem ipsum dolor sit amet, consectetur adipiscing elit. Suspendisse ut venenatis dui. Vestibulum nec molestie ante. Vivamus et dui in augue semper luctus. Quisque sed nisl eget leo rhoncus efficitur id sit amet leo. Nunc elementum massa vitae enim commodo aliquet. Proin a tempor lacus, vel consectetur diam. Nulla facilisi. In vel magna non est lobortis tristique ornare vel diam. Aenean quis pharetra metus. Proin lobortis vulputate orci id egestas. Etiam non tincidunt nisl. Cras tincidunt molestie fermentum. Fusce eu nunc eu purus luctus tempor. In non lorem sollicitudin erat ullamcorper congue vel sit amet nisi. Phasellus tempor vestibulum ante, sed consequat quam condimentum convallis.

Curabitur hendrerit tincidunt est ut consequat. Nullam aliquet malesuada tempus. Suspendisse vehicula nisi ac consequat ullamcorper. Proin dapibus lobortis aliquam. Maecenas auctor orci nunc, sit amet hendrerit purus semper vel. Quisque volutpat sem quis metus maximus mollis. Maecenas arcu enim, susci",F_1hROICBkUwMTCOi,alexander-noxols-uOt1yMQu9B4-unsplash.jpg,1880708,image/jpeg,Two days,"Lorem ipsum dolor sit amet, consectetur adipiscing elit. Suspendisse ut venenatis dui. Vestibulum nec molestie ante. Vivamus et dui in augue semper luctus. Quisque sed nisl eget leo rhoncus efficitur id sit amet leo. Nunc elementum massa vitae enim commodo aliquet. Proin a tempor lacus, vel consectetur diam. Nulla facilisi. In vel magna non est lobortis tristique ornare vel diam. Aenean quis pharetra metus. Proin lobortis vulputate orci id egestas. Etiam non tincidunt nisl. Cras tincidunt molest",Cooperation,From 2 to 4,No,,"Lorem ipsum dolor sit amet, consectetur adipiscing elit. Suspendisse ut venenatis dui. Vestibulum nec molestie ante. Vivamus et dui in augue semper luctus. Quisque sed nisl eget leo rhoncus efficitur id sit amet leo. Nunc elementum massa vitae enim commodo aliquet. Proin a tempor lacus, vel consectetur diam. Nulla facilisi. In vel magna non est lobortis tristique ornare vel diam. Aenean quis pharetra metus. Proin lobortis vulputate orci id egestas. Etiam non tincidunt nisl.",No,,In a warehouse,"Lorem ipsum dolor sit amet, consectetur adipiscing elit. Suspendisse ut venenatis dui. Vestibulum nec molestie ante. Vivamus et dui in augue semper luctus. Quisque sed nisl eget leo rhoncus efficitur id sit amet leo. Nunc elementum massa vitae enim commodo aliquet. Proin a tempor lacus, vel consectetur diam. Nulla facilisi. In vel magna non est lobortis tristique ornare vel diam. Aenean quis pharetra metus. Proin lobortis vulputate orci id egestas. Etiam non tincidunt nisl. ","Lorem ipsum dolor sit amet, consectetur adipiscing elit. Suspendisse ut venenatis dui. Vestibulum nec molestie ante. Vivamus et dui in augue semper luctus. Quisque sed nisl eget leo rhoncus efficitur id sit amet leo. Nunc elementum massa vitae enim commodo aliquet. Proin a tempor lacus, vel consectetur diam. Nulla facilisi. In vel magna non est lobortis tristique ornare vel diam. Aenean quis pharetra metus. Proin lobortis vulputate orci id egestas. Etiam non tincidunt nisl. ",F_1LGL5N5VnN30RL4,mikolaj-felinski-QUep3rint8A-unsplash.jpg,3219493,image/jpeg,"Lorem ipsum dolor sit amet, consectetur adipiscing elit. Suspendisse ut venenatis dui. Vestibulum nec molestie ante. Vivamus et dui in augue semper luctus. Quisque sed nisl eget leo rhoncus efficitur id sit amet leo. Nunc elementum massa vitae enim commodo aliquet. Proin a tempor lacus, vel consectetur diam. Nulla facilisi. In vel magna non est lobortis tristique ornare vel diam. Aenean quis pharetra metus. Proin lobortis vulputate orci id egestas. Etiam non tincidunt nisl. ",F_81ckfgjwq4Yzr5D,timothy-meinberg-rQ74laFdfzc-unsplash.jpg,3915166,image/jpeg,"Lorem ipsum dolor sit amet, consectetur adipiscing elit. Suspendisse ut venenatis dui. Vestibulum nec molestie ante. Vivamus et dui in augue semper luctus. Quisque sed nisl eget leo rhoncus efficitur id sit amet leo. Nunc elementum massa vitae enim commodo aliquet. Proin a tempor lacus, vel consectetur diam. Nulla facilisi. In vel magna non est lobortis tristique ornare vel diam. Aenean quis pharetra metus. Proin lobortis vulputate orci id egestas. Etiam non tincidunt nisl. ",F_2c78racsqSl5ige,mak-ul_b_JHHMQI-unsplash.jpg,1266071,image/jpeg,Yes,"Lorem ipsum dolor sit amet, consectetur adipiscing elit. Suspendisse ut venenatis dui. Vestibulum nec molestie ante. Vivamus et dui in augue semper luctus. Quisque sed nisl eget leo rhoncus efficitur id sit amet leo. Nunc elementum massa vitae enim commodo aliquet. Proin a tempor lacus, vel consectetur diam. Nulla facilisi. In vel magna non est lobortis tristique ornare vel diam. Aenean quis pharetra metus. Proin lobortis vulputate orci id egestas. Etiam non tincidunt nisl. ",F_2R9rntnQVSxQHSs,claudio-schwarz-purzlbaum-V6xihVKUvqA-unsplash.jpg,6811765,image/jpeg,"Lorem ipsum dolor sit amet, consectetur adipiscing elit. Suspendisse ut venenatis dui. Vestibulum nec molestie ante. Vivamus et dui in augue semper luctus. Quisque sed nisl eget leo rhoncus efficitur id sit amet leo. Nunc elementum massa vitae enim commodo aliquet. Proin a tempor lacus, vel consectetur diam. Nulla facilisi. In vel magna non est lobortis tristique ornare vel diam. Aenean quis pharetra metus. Proin lobortis vulputate orci id egestas. Etiam non tincidunt nisl. Cras tincidunt molestie fermentum. Fusce eu nunc eu purus luctus tempor. In non lorem sollicitudin erat ullamcorper congue vel sit amet nisi. Phasellus tempor vestibulum ante, sed consequat quam condimentum convallis.

Curabitur hendrerit tincidunt est ut consequat. Nullam aliquet malesuada tempus. Suspendisse vehicula nisi ac consequat ullamcorper. Proin dapibus lobortis aliquam. Maecenas auctor orci nunc, sit amet hendrerit purus semper vel. ",Yes,"Lorem ipsum dolor sit amet, consectetur adipiscing elit. Suspendisse ut venenatis dui. Vestibulum nec molestie ante. Vivamus et dui in augue semper luctus. Quisque sed nisl eget leo rhoncus efficitur id sit amet leo. Nunc elementum massa vitae enim commodo aliquet. Proin a tempor lacus, vel consectetur diam. Nulla facilisi. In vel magna non est lobortis tristique ornare vel diam. Aenean quis pharetra metus. Proin lobortis vulputate orci id egestas. Etiam non tincidunt nisl. Cras tincidunt molestie fermentum. Fusce eu nunc eu purus luctus tempor. In non lorem sollicitudin erat ullamcorper congue vel sit amet nisi. Phasellus tempor vestibulum ante, sed consequat quam condimentum convallis.

Curabitur hendrerit tincidunt est ut consequat. Nullam aliquet malesuada tempus. Suspendisse vehicula nisi ac consequat ullamcorper. Proin dapibus lobortis aliquam. Maecenas auctor orci nunc, sit amet hendrerit purus semper vel. Quisque volutpat sem quis metus maximus mollis. Maecenas arcu enim, suscipit vel aliquet eleifend, cursus id nibh. Pellentesque feugiat nulla nunc, eu finibus tortor luctus id. Aenean sit amet arcu vitae massa molestie scelerisque eget at ante. Nunc vel nunc quis orci finibus laoreet. Suspendisse potenti. Donec eget efficitur metus, quis mollis lorem. Nullam non ex sed est consectetur suscipit sit amet non velit. Nam eros ante, aliquet sollicitudin metus sit amet, finibus maximus elit.","Lorem ipsum dolor sit amet, consectetur adipiscing elit. Suspendisse ut venenatis dui. Vestibulum nec molestie ante. Vivamus et dui in augue semper luctus. Quisque sed nisl eget leo rhoncus efficitur id sit amet leo. Nunc elementum massa vitae enim commodo aliquet. Proin a tempor lacus, vel consectetur diam. Nulla facilisi. In vel magna non est lobortis tristique ornare vel diam. Aenean quis pharetra metus. Proin lobortis vulputate orci id egestas. Etiam non tincidunt nisl. Cras tincidunt molestie fermentum. Fusce eu nunc eu purus luctus tempor. In non lorem sollicitudin erat ullamcorper congue vel sit amet nisi. Phasellus tempor vestibulum ante, sed consequat quam condimentum convallis.

Curabitur hendrerit tincidunt est ut consequat. Nullam aliquet malesuada tempus. Suspendisse vehicula nisi ac consequat ullamcorper. Proin dapibus lobortis aliquam. Maecenas auctor orci nunc, sit amet hendrerit purus semper vel. Quisque volutpat sem quis metus maximus mollis. Maecenas arcu enim, suscipit vel aliquet eleifend, cursus id nibh. Pellentesque feugiat nulla nunc, eu finibus tortor luctus id. Aenean sit amet arcu vitae massa molestie scelerisque eget at ante. Nunc vel nunc quis orci finibus laoreet. Suspendisse potenti. Donec eget efficitur metus, quis mollis lorem. Nullam non ex sed est consectetur suscipit sit amet non velit. Nam eros ante, aliquet sollicitudin metus sit amet, finibus maximus elit.",F_2uPyZXMLPNAVfVp,luigi-estuye-lucreative-1LhVAuayyrA-unsplash.jpg,3258460,image/jpeg,Yes,Yes,,,,,,,,,,,,,,,,,,,,,,,,,,,,,,,,,,,,,,,,,,,,,,,,,
2021-02-13 09:40:14,2021-02-13 09:51:03,IP Address,97.90.237.21,100,648,True,2021-02-13 09:51:43,R_1E5JEG4IvIjHQ5p,,,,,44.781402587890625,-91.486602783203125,anonymous,EN,VR + Neurotech + Health,Yes,Brains@Play,2,,United States,,Garrett,20,,,,,Friends,20,,,,,,,,,,,,,,,,,Garrett,Flynn,gflynn@usc.edu,I confirm that I am at least 18 years old.,"In a utopian future a decade from now, there is a competitive BBI game for a small group of players which is played for meditation In a special room. What is it?",Meditat.io,F_3375llRdIhmKAjE,erik-brolin-ZARfCYDaVg0-unsplash.jpg,2669850,image/jpeg,F_3FP44gkxhMtnyKD,final.mp4,73475434,video/mp4,No,,,,,"Lorem ipsum dolor sit amet, consectetur adipiscing elit. Suspendisse ut venenatis dui. Vestibulum ne","Lorem ipsum dolor sit amet, consectetur adipiscing elit. Suspendisse ut venenatis dui. Vestibulum nec molestie ante. Vivamus et dui in augue semper luctus. Quisque sed nisl eget leo rhoncus efficitur id sit amet leo. Nunc elementum massa vitae enim commodo aliquet. Proin a tempor lacus, vel consectetur diam. Nulla facilisi. In vel magna non est lobortis tristique ornare vel diam. Aenean quis pharetra metus. Proin lobortis vulputate orci id egestas. Etiam non tincidunt nisl. Cras tincidunt molestie fermentum. Fusce eu nunc eu purus luctus tempor. In non lorem sollicitudin erat ullamcorper congue vel sit amet nisi. Phasellus tempor vestibulum ante, sed consequat quam condimentum convallis.

Curabitur hendrerit tincidunt est ut consequat. Nullam aliquet malesuada tempus. Suspendisse vehicula nisi ac consequat ullamcorper. Proin dapibus lobortis aliquam. Maecenas auctor orci nunc, sit amet hendrerit purus semper vel. Quisque volutpat sem quis metus maximus mollis.",F_UKDRU1g5jV0quaZ,jd-mason-xCPdjitY5sQ-unsplash.jpg,608708,image/jpeg,1 hour,"Lorem ipsum dolor sit amet, consectetur adipiscing elit. Suspendisse ut venenatis dui. Vestibulum nec molestie ante. Vivamus et dui in augue semper luctus. Quisque sed nisl eget leo rhoncus efficitur id sit amet leo. Nunc elementum massa vitae enim commodo aliquet. Proin a tempor lacus, vel consectetur diam. Nulla facilisi. In vel magna non est lobortis tristique ornare vel diam. Aenean quis pharetra metus. Proin lobortis vulputate orci id egestas. Etiam non tincidunt nisl. ",Mindfulness,From 2 to 10,No,,"Lorem ipsum dolor sit amet, consectetur adipiscing elit. Suspendisse ut venenatis dui. Vestibulum nec molestie ante. Vivamus et dui in augue semper luctus. Quisque sed nisl eget leo rhoncus efficitur id sit amet leo. Nunc elementum massa vitae enim commodo aliquet. Proin a tempor lacus, vel consectetur diam. Nulla facilisi. In vel magna non est lobortis tristique ornare vel diam. Aenean quis pharetra metus. Proin lobortis vulputate orci id egestas. Etiam non tincidunt nisl. Cras tincidunt molest",No,,Anywhere. Though the first play should occur in a special meditation room.,"Lorem ipsum dolor sit amet, consectetur adipiscing elit. Suspendisse ut venenatis dui. Vestibulum nec molestie ante. Vivamus et dui in augue semper luctus. Quisque sed nisl eget leo rhoncus efficitur id sit amet leo. Nunc elementum massa vitae enim commodo aliquet. Proin a tempor lacus, vel consectetur diam. Nulla facilisi. In vel magna non est lobortis tristique ornare vel diam. Aenean quis pharetra metus. Proin lobortis vulputate orci id egestas. Etiam non tincidunt nisl. ","Lorem ipsum dolor sit amet, consectetur adipiscing elit. Suspendisse ut venenatis dui. Vestibulum nec molestie ante. Vivamus et dui in augue semper luctus. Quisque sed nisl eget leo rhoncus efficitur id sit amet leo. Nunc elementum massa vitae enim commodo aliquet. Proin a tempor lacus, vel consectetur diam. Nulla facilisi. In vel magna non est lobortis tristique ornare vel diam. Aenean quis pharetra metus. Proin lobortis vulputate orci id egestas. Etiam non tincidunt nisl. ",F_1FG1uHjOycZ9cUN,conscious-design-UQJoBvSD0Kg-unsplash.jpg,3239982,image/jpeg,"Lorem ipsum dolor sit amet, consectetur adipiscing elit. Suspendisse ut venenatis dui. Vestibulum nec molestie ante. Vivamus et dui in augue semper luctus. Quisque sed nisl eget leo rhoncus efficitur id sit amet leo. Nunc elementum massa vitae enim commodo aliquet. Proin a tempor lacus, vel consectetur diam. Nulla facilisi. In vel magna non est lobortis tristique ornare vel diam. Aenean quis pharetra metus. Proin lobortis vulputate orci id egestas. Etiam non tincidunt nisl. ",F_1NEQZGQNX5evAtO,mike-erskine-S_VbdMTsdiA-unsplash.jpg,1900755,image/jpeg,"Lorem ipsum dolor sit amet, consectetur adipiscing elit. Suspendisse ut venenatis dui. Vestibulum nec molestie ante. Vivamus et dui in augue semper luctus. Quisque sed nisl eget leo rhoncus efficitur id sit amet leo. Nunc elementum massa vitae enim commodo aliquet. Proin a tempor lacus, vel consectetur diam. Nulla facilisi. In vel magna non est lobortis tristique ornare vel diam. Aenean quis pharetra metus. Proin lobortis vulputate orci id egestas. Etiam non tincidunt nisl. ",F_2coX5JVGemO8ZwS,jr-korpa-eOUzHJdo7MU-unsplash.jpg,492909,image/jpeg,Yes,"Lorem ipsum dolor sit amet, consectetur adipiscing elit. Suspendisse ut venenatis dui. Vestibulum nec molestie ante. Vivamus et dui in augue semper luctus. Quisque sed nisl eget leo rhoncus efficitur id sit amet leo. Nunc elementum massa vitae enim commodo aliquet. Proin a tempor lacus, vel consectetur diam. Nulla facilisi. In vel magna non est lobortis tristique ornare vel diam. Aenean quis pharetra metus. Proin lobortis vulputate orci id egestas. Etiam non tincidunt nisl.",F_2dSXkYn2N97UL26,papaioannou-kostas-tysecUm5HJA-unsplash (1).jpg,577102,image/jpeg,"Lorem ipsum dolor sit amet, consectetur adipiscing elit. Suspendisse ut venenatis dui. Vestibulum nec molestie ante. Vivamus et dui in augue semper luctus. Quisque sed nisl eget leo rhoncus efficitur id sit amet leo. Nunc elementum massa vitae enim commodo aliquet. Proin a tempor lacus, vel consectetur diam. Nulla facilisi. In vel magna non est lobortis tristique ornare vel diam. Aenean quis pharetra metus. Proin lobortis vulputate orci id egestas. Etiam non tincidunt nisl. Cras tincidunt molestie fermentum. Fusce eu nunc eu purus luctus tempor. In non lorem sollicitudin erat ullamcorper congue vel sit amet nisi. Phasellus tempor vestibulum ante, sed consequat quam condimentum convallis.

Curabitur hendrerit tincidunt est ut consequat. Nullam aliquet malesuada tempus. Suspendisse vehicula nisi ac consequat ullamcorper. Proin dapibus lobortis aliquam. Maecenas auctor orci nunc, sit amet hendrerit purus semper vel. Quisque volutpat sem quis metus maximus mollis. ",Yes,"Lorem ipsum dolor sit amet, consectetur adipiscing elit. Suspendisse ut venenatis dui. Vestibulum nec molestie ante. Vivamus et dui in augue semper luctus. Quisque sed nisl eget leo rhoncus efficitur id sit amet leo. Nunc elementum massa vitae enim commodo aliquet. Proin a tempor lacus, vel consectetur diam. Nulla facilisi. In vel magna non est lobortis tristique ornare vel diam. Aenean quis pharetra metus. Proin lobortis vulputate orci id egestas. Etiam non tincidunt nisl. Cras tincidunt molestie fermentum. Fusce eu nunc eu purus luctus tempor. In non lorem sollicitudin erat ullamcorper congue vel sit amet nisi. Phasellus tempor vestibulum ante, sed consequat quam condimentum convallis.

Curabitur hendrerit tincidunt est ut consequat. Nullam aliquet malesuada tempus. Suspendisse vehicula nisi ac consequat ullamcorper. Proin dapibus lobortis aliquam. Maecenas auctor orci nunc, sit amet hendrerit purus semper vel. Quisque volutpat sem quis metus maximus mollis. Maecenas arcu enim, suscipit vel aliquet eleifend, cursus id nibh. Pellentesque feugiat nulla nunc, eu finibus tortor luctus id. Aenean sit amet arcu vitae massa molestie scelerisque eget at ante. Nunc vel nunc quis orci finibus laoreet. Suspendisse potenti. Donec eget efficitur metus, quis mollis lorem. Nullam non ex sed est consectetur suscipit sit amet non velit. Nam eros ante, aliquet sollicitudin metus sit amet, finibus maximus elit.","Lorem ipsum dolor sit amet, consectetur adipiscing elit. Suspendisse ut venenatis dui. Vestibulum nec molestie ante. Vivamus et dui in augue semper luctus. Quisque sed nisl eget leo rhoncus efficitur id sit amet leo. Nunc elementum massa vitae enim commodo aliquet. Proin a tempor lacus, vel consectetur diam. Nulla facilisi. In vel magna non est lobortis tristique ornare vel diam. Aenean quis pharetra metus. Proin lobortis vulputate orci id egestas. Etiam non tincidunt nisl. Cras tincidunt molestie fermentum. Fusce eu nunc eu purus luctus tempor. In non lorem sollicitudin erat ullamcorper congue vel sit amet nisi. Phasellus tempor vestibulum ante, sed consequat quam condimentum convallis.

Curabitur hendrerit tincidunt est ut consequat. Nullam aliquet malesuada tempus. Suspendisse vehicula nisi ac consequat ullamcorper. Proin dapibus lobortis aliquam. Maecenas auctor orci nunc, sit amet hendrerit purus semper vel. Quisque volutpat sem quis metus maximus mollis. Maecenas arcu enim, suscipit vel aliquet eleifend, cursus id nibh. Pellentesque feugiat nulla nunc, eu finibus tortor luctus id. Aenean sit amet arcu vitae massa molestie scelerisque eget at ante. Nunc vel nunc quis orci finibus laoreet. Suspendisse potenti. Donec eget efficitur metus, quis mollis lorem. Nullam non ex sed est consectetur suscipit sit amet non velit. Nam eros ante, aliquet sollicitudin metus sit amet, finibus maximus elit.",F_3rZ2AErHyXjokEm,toni-reed-BmwEhjQBmyU-unsplash.jpg,1079489,image/jpeg,Yes,Yes,"Lorem ipsum dolor sit amet, consectetur adipiscing elit. Suspendisse ut venenatis dui. Vestibulum nec molestie ante. Vivamus et dui in augue semper luctus. Quisque sed nisl eget leo rhoncus efficitur id sit amet leo. Nunc elementum massa vitae enim commodo aliquet. Proin a tempor lacus, vel consectetur diam. Nulla facilisi. In vel magna non est lobortis tristique ornare vel diam. Aenean quis pharetra metus. Proin lobortis vulputate orci id egestas. Etiam non tincidunt nisl. Cras tincidunt molestie fermentum. Fusce eu nunc eu purus luctus tempor. In non lorem sollicitudin erat ullamcorper congue vel sit amet nisi. Phasellus tempor vestibulum ante, sed consequat quam condimentum convallis.

Curabitur hendrerit tincidunt est ut consequat. Nullam aliquet malesuada tempus. Suspendisse vehicula nisi ac consequat ullamcorper. Proin dapibus lobortis aliquam. Maecenas auctor orci nunc, sit amet hendrerit purus semper vel. Quisque volutpat sem quis metus maximus mollis. Maecenas arcu enim, suscipit vel aliquet eleifend, cursus id nibh. Pellentesque feugiat nulla nunc, eu finibus tortor luctus id. Aenean sit amet arcu vitae massa molestie scelerisque eget at ante. Nunc vel nunc quis orci finibus laoreet. Suspendisse potenti. Donec eget efficitur metus, quis mollis lorem. Nullam non ex sed est consectetur suscipit sit amet non velit. Nam eros ante, aliquet sollicitudin metus sit amet, finibus maximus elit.",,,,,,,,,,,,,,,,,,,,,,,,,,,,,,,,,,,,,,,,,,,,,,,,
